<?xml version="1.0" encoding="UTF-8"?>
<GenRun Id="impl_1" LaunchPart="xc7a200tfbg676-2" LaunchTime="1743842752">
  <File Type="REPORTS-TCL" Name="Inverse_of_Matrix_reports.tcl"/>
  <File Type="ROUTE-PWR-SUM" Name="Inverse_of_Matrix_power_summary_routed.pb"/>
  <File Type="BITSTR-MMI" Name="Inverse_of_Matrix.mmi"/>
  <File Type="OPT-DRC" Name="Inverse_of_Matrix_drc_opted.rpt"/>
  <File Type="BG-DRC" Name="Inverse_of_Matrix.drc"/>
  <File Type="ROUTE-STATUS-PB" Name="Inverse_of_Matrix_route_status.pb"/>
  <File Type="BG-BGN" Name="Inverse_of_Matrix.bgn"/>
  <File Type="PLACE-UTIL" Name="Inverse_of_Matrix_utilization_placed.rpt"/>
  <File Type="PLACE-UTIL-PB" Name="Inverse_of_Matrix_utilization_placed.pb"/>
  <File Type="PLACE-IO" Name="Inverse_of_Matrix_io_placed.rpt"/>
  <File Type="BG-BIN" Name="Inverse_of_Matrix.bin"/>
  <File Type="PLACE-CTRL" Name="Inverse_of_Matrix_control_sets_placed.rpt"/>
  <File Type="ROUTE-PWR-RPX" Name="Inverse_of_Matrix_power_routed.rpx"/>
  <File Type="ROUTE-DCP" Name="Inverse_of_Matrix_routed.dcp"/>
  <File Type="BITSTR-MSK" Name="Inverse_of_Matrix.msk"/>
  <File Type="BITSTR-RBT" Name="Inverse_of_Matrix.rbt"/>
  <File Type="ROUTE-TIMINGSUMMARY" Name="Inverse_of_Matrix_timing_summary_routed.rpt"/>
  <File Type="ROUTE-TIMING-RPX" Name="Inverse_of_Matrix_timing_summary_routed.rpx"/>
  <File Type="ROUTE-STATUS" Name="Inverse_of_Matrix_route_status.rpt"/>
  <File Type="PA-TCL" Name="Inverse_of_Matrix.tcl"/>
  <File Type="ROUTE-PWR" Name="Inverse_of_Matrix_power_routed.rpt"/>
  <File Type="ROUTE-DRC" Name="Inverse_of_Matrix_drc_routed.rpt"/>
  <File Type="ROUTE-DRC-RPX" Name="Inverse_of_Matrix_drc_routed.rpx"/>
  <File Type="ROUTE-DRC-PB" Name="Inverse_of_Matrix_drc_routed.pb"/>
  <File Type="BITSTR-SYSDEF" Name="Inverse_of_Matrix.sysdef"/>
  <File Type="ROUTE-METHODOLOGY-DRC" Name="Inverse_of_Matrix_methodology_drc_routed.rpt"/>
  <File Type="ROUTE-METHODOLOGY-DRC-RPX" Name="Inverse_of_Matrix_methodology_drc_routed.rpx"/>
  <File Type="BITSTR-LTX" Name="debug_nets.ltx"/>
  <File Type="BITSTR-LTX" Name="Inverse_of_Matrix.ltx"/>
  <File Type="ROUTE-METHODOLOGY-DRC-PB" Name="Inverse_of_Matrix_methodology_drc_routed.pb"/>
  <File Type="ROUTE-SIMILARITY" Name="Inverse_of_Matrix_incremental_reuse_routed.rpt"/>
  <File Type="RDI-RDI" Name="Inverse_of_Matrix.vdi"/>
  <File Type="ROUTE-CLK" Name="Inverse_of_Matrix_clock_utilization_routed.rpt"/>
  <File Type="ROUTE-BUS-SKEW" Name="Inverse_of_Matrix_bus_skew_routed.rpt"/>
  <File Type="ROUTE-BUS-SKEW-RPX" Name="Inverse_of_Matrix_bus_skew_routed.rpx"/>
  <File Type="ROUTE-BUS-SKEW-PB" Name="Inverse_of_Matrix_bus_skew_routed.pb"/>
  <File Type="POSTROUTE-PHYSOPT-TIMING" Name="Inverse_of_Matrix_timing_summary_postroute_physopted.rpt"/>
  <File Type="POSTROUTE-PHYSOPT-TIMING-RPX" Name="Inverse_of_Matrix_timing_summary_postroute_physopted.rpx"/>
  <File Type="POSTROUTE-PHYSOPT-TIMING-PB" Name="Inverse_of_Matrix_timing_summary_postroute_physopted.pb"/>
  <File Type="POSTROUTE-PHYSOPT-BUS-SKEW" Name="Inverse_of_Matrix_bus_skew_postroute_physopted.rpt"/>
  <File Type="POSTROUTE-PHYSOPT-BUS-SKEW-RPX" Name="Inverse_of_Matrix_bus_skew_postroute_physopted.rpx"/>
  <File Type="BG-BIT" Name="Inverse_of_Matrix.bit"/>
  <File Type="POSTROUTE-PHYSOPT-BUS-SKEW-PB" Name="Inverse_of_Matrix_bus_skew_postroute_physopted.pb"/>
  <File Type="BITSTR-NKY" Name="Inverse_of_Matrix.nky"/>
  <File Type="BITSTR-BMM" Name="Inverse_of_Matrix_bd.bmm"/>
  <File Type="WBT-USG" Name="usage_statistics_webtalk.html"/>
  <File Type="OPT-HWDEF" Name="Inverse_of_Matrix.hwdef"/>
  <File Type="PLACE-PRE-SIMILARITY" Name="Inverse_of_Matrix_incremental_reuse_pre_placed.rpt"/>
  <File Type="ROUTE-ERROR-DCP" Name="Inverse_of_Matrix_routed_error.dcp"/>
  <File Type="ROUTE-BLACKBOX-DCP" Name="Inverse_of_Matrix_routed_bb.dcp"/>
  <File Type="ROUTE-TIMING-PB" Name="Inverse_of_Matrix_timing_summary_routed.pb"/>
  <File Type="OPT-DCP" Name="Inverse_of_Matrix_opt.dcp"/>
  <File Type="PLACE-DCP" Name="Inverse_of_Matrix_placed.dcp"/>
  <File Type="PWROPT-DCP" Name="Inverse_of_Matrix_pwropt.dcp"/>
  <File Type="POSTPLACE-PWROPT-DCP" Name="Inverse_of_Matrix_postplace_pwropt.dcp"/>
  <File Type="PHYSOPT-DCP" Name="Inverse_of_Matrix_physopt.dcp"/>
  <File Type="POSTROUTE-PHYSOPT-DCP" Name="Inverse_of_Matrix_postroute_physopt.dcp"/>
  <File Type="POSTROUTE-PHYSOPT-BLACKBOX-DCP" Name="Inverse_of_Matrix_postroute_physopt_bb.dcp"/>
  <File Type="PDI-FILE" Name="Inverse_of_Matrix.pdi"/>
  <File Type="BOOT-PDI-FILE" Name="Inverse_of_Matrix_boot.pdi"/>
  <File Type="PL-PDI-FILE" Name="Inverse_of_Matrix_pld.pdi"/>
  <File Type="RCFI_FILE" Name="Inverse_of_Matrix.rcfi"/>
  <File Type="CFI_FILE" Name="Inverse_of_Matrix.cfi"/>
  <File Type="RNPI_FILE" Name="Inverse_of_Matrix.rnpi"/>
  <File Type="NPI_FILE" Name="Inverse_of_Matrix.npi"/>
  <File Type="RBD_FILE" Name="Inverse_of_Matrix.rbd"/>
  <File Type="ROUTE-RQS" Name="Inverse_of_Matrix_routed.rqs"/>
  <File Type="POSTROUTE-PHYSOPT-RQS" Name="Inverse_of_Matrix_postroute_physopted.rqs"/>
  <File Type="ROUTE-RQS-RPT" Name="route_report_qor_suggestions_0.rpt"/>
  <File Type="POSTROUTE-PHYSOPT-RQS-RPT" Name="postroute_physopt_report_qor_suggestions_0.rpt"/>
  <FileSet Name="sources" Type="DesignSrcs" RelSrcDir="$PSRCDIR/sources_1" RelGenDir="$PGENDIR/sources_1">
    <Filter Type="Srcs"/>
    <File Path="$PSRCDIR/sources_1/new/ieee754_div.v">
      <FileInfo>
        <Attr Name="UsedIn" Val="synthesis"/>
        <Attr Name="UsedIn" Val="implementation"/>
        <Attr Name="UsedIn" Val="simulation"/>
      </FileInfo>
    </File>
    <File Path="$PSRCDIR/sources_1/new/ieee754_mul.v">
      <FileInfo>
        <Attr Name="UsedIn" Val="synthesis"/>
        <Attr Name="UsedIn" Val="implementation"/>
        <Attr Name="UsedIn" Val="simulation"/>
      </FileInfo>
    </File>
    <File Path="$PSRCDIR/sources_1/new/Inverse_of_Matrix.v">
      <FileInfo>
        <Attr Name="UsedIn" Val="synthesis"/>
        <Attr Name="UsedIn" Val="implementation"/>
        <Attr Name="UsedIn" Val="simulation"/>
      </FileInfo>
    </File>
    <Config>
      <Option Name="DesignMode" Val="RTL"/>
      <Option Name="TopModule" Val="Inverse_of_Matrix"/>
    </Config>
  </FileSet>
  <FileSet Name="constrs_in" Type="Constrs" RelSrcDir="$PSRCDIR/constrs_1" RelGenDir="$PGENDIR/constrs_1">
    <Filter Type="Constrs"/>
    <File Path="$PSRCDIR/constrs_1/new/Inverse.xdc">
      <FileInfo>
        <Attr Name="UsedIn" Val="synthesis"/>
        <Attr Name="UsedIn" Val="implementation"/>
      </FileInfo>
    </File>
    <Config>
      <Option Name="TargetConstrsFile" Val="$PSRCDIR/constrs_1/new/Inverse.xdc"/>
      <Option Name="ConstrsType" Val="XDC"/>
    </Config>
  </FileSet>
  <FileSet Name="utils" Type="Utils" RelSrcDir="$PSRCDIR/utils_1" RelGenDir="$PGENDIR/utils_1">
    <Filter Type="Utils"/>
    <File Path="$PSRCDIR/utils_1/imports/synth_1/Inverse_of_Matrix.dcp">
      <FileInfo>
        <Attr Name="UsedIn" Val="synthesis"/>
        <Attr Name="UsedIn" Val="implementation"/>
        <Attr Name="UsedInSteps" Val="synth_1"/>
        <Attr Name="AutoDcp" Val="1"/>
      </FileInfo>
    </File>
    <Config>
      <Option Name="TopAutoSet" Val="TRUE"/>
    </Config>
  </FileSet>
  <Strategy Version="1" Minor="2">
    <StratHandle Name="Vivado Implementation Defaults" Flow="Vivado Implementation 2024"/>
    <Step Id="init_design"/>
    <Step Id="opt_design"/>
    <Step Id="power_opt_design"/>
    <Step Id="place_design"/>
    <Step Id="post_place_power_opt_design"/>
    <Step Id="phys_opt_design"/>
    <Step Id="route_design"/>
    <Step Id="post_route_phys_opt_design"/>
    <Step Id="write_bitstream"/>
    <Step Id="write_device_image"/>
  </Strategy>
</GenRun>
